TC;Titulo;Status;Semicondutor;Setup;Variante_Chave;Direcao;Qtd_Indutores;Indutores;Qtd_Capacitores;Capacitores;Qtd_Chaves;Chaves;fs_kHz;Duty_pct;Vin_V;Vout_V;Pin_W;Pout_W;Iout_A;Rendimento_pct
"TC-01";"Hard-switching · 370 W";"Concluído";"MOSFET Si";"Conversor Ćuk";"Si";"Direto";"2";"L1=50µH | L2=70µH";"1";"C1=5µF";"2";"Q1=Si · IRFP4768PbF | Q2=Si · IRFP4768PbF";"100";"58";"34";"46";"360,4";"308,9";"6,73";"85.710"
"TC-01";"Hard-switching · 370 W";"Concluído";"MOSFET Si";"Conversor Ćuk";"SiC";"Direto";"2";"L1=50µH | L2=70µH";"1";"C1=5µF";"2";"Q1=UJ3C065030K3S | Q2=UJ3C065030K3S";"100";"58";"36";"43.1";"347,2";"304,0";"9.61";"87.558"
"TC-01.02";"Hard-switching · 350 W · variação de frequência";"Concluído";"MOSFET Si";"Conversor Ćuk";"Si";"Direto";"2";"L1=50µH | L2=70µH";"1";"C1=5µF";"2";"Q1=Si · IRFP4768PbF | Q2=Si · IRFP4768PbF";"50";"58";"35,7";"48,0";"382";"338";"7,04";"88.482"
"TC-01.02";"Hard-switching · 350 W · variação de frequência";"Concluído";"MOSFET Si";"Conversor Ćuk";"SiC";"Direto";"2";"L1=50µH | L2=70µH";"1";"C1=5µF";"2";"Q1=UJ3C065030K3S | Q2=UJ3C065030K3S";"50";"58";"35,9";"45,8";"349,3";"311,4";"6,80";"89.150"
"TC-01.03";"Hard-switching · 350 W · CargaFixa";"Concluído";"MOSFET Si";"Conversor Ćuk";"SiC";"Direto";"2";"L1=50µH | L2=70µH";"1";"C1=5µF";"2";"Q1=UJ3C065030K3S | Q2=UJ3C065030K3S";"100";"58";"38,5";"50,1";"363,8";"370,2";"7,39";"101.759"
"TC-02";"Hard-switching · 350 W - Troca de Indutores";"Concluído";"SiC MOSFET";"Conversor Ćuk";"Si";"Direto";"2";"L1=25µH | L2=50µH";"2";"C1=5µF | C2=µF";"2";"Q1=Si | Q2=Si";"100";"58";"33,6 ";"10,7 ";"359,5 ";"320,6 ";"7,00 ";"89.179"
"TC-02";"Hard-switching · 350 W - Troca de Indutores";"Concluído";"SiC MOSFET";"Conversor Ćuk";"SiC";"Direto";"2";"L1=25µH | L2=50µH";"2";"C1=5µF | C2=µF";"2";"Q1=UJ3C065030K3S | Q2=UJ3C065030K3S";"100";"58";"36";"46.2";"352,1";"313,9";"6,81";"89.151"
"TC-02.2";"Hard-switching · 350 W · Troca de indutores - variação de frequência";"Concluído";"MOSFET Si";"Conversor Ćuk";"Si";"Direto";"2";"L1=25µH | L2=35µH";"2";"C1=5µF | C2=4.75µF";"2";"Q1=Si · IRFP4768PbF | Q2=Si · IRFP4768PbF";"50";"58";"34";"46";"360,4";"325,7";"7,05";"90.372"
"TC-02.2";"Hard-switching · 350 W · Troca de indutores - variação de frequência";"Concluído";"MOSFET Si";"Conversor Ćuk";"SiC";"Direto";"2";"L1=25µH | L2=35µH";"2";"C1=5µF | C2=4.75µF";"2";"Q1=UJ3C065030K3S | Q2=UJ3C065030K3S";"50";"58";"34.2";"44.9";"333,5";"294,5";"6,56";"88.306"
"TC-03";"Hard-switching · carga reduzida";"Concluído";"MOSFET Si";"Conversor Ćuk";"Si";"Direto";"2";"L1=50µH | L2=70µH";"2";"C1=5µF | C2=4.75µF";"2";"Q1=IRFP4768PbF | Q2=IRFP4768PbF";"100";"58";"57,4";"84,6";"285,9";"279,7 ";"3,72 ";"97.831"
"TC-03";"Hard-switching · carga reduzida";"Concluído";"MOSFET Si";"Conversor Ćuk";"SiC";"Direto";"2";"L1=50µH | L2=70µH";"2";"C1=5µF | C2=4.75µF";"2";"Q1=SiC | Q2=SiC";"100";"58";"55,2 ";"75,8 ";"300,8 ";"284,3 ";"3,75 ";"94.515"
"TC-04";"Hard-switching · carga reduzida - Frequencia Reduzida";"Concluído";"MOSFET Si";"Conversor Ćuk";"Si";"Direto";"2";"L1=50µH | L2=70µH";"2";"C1=5µF | C2=4.75µF";"2";"Q1=IRFP4768PbF | Q2=IRFP4768PbF";"50";"58";"57,4";"84,6";"353,6 ";"346,9 ";"4,10 ";"98.105"
"TC-06";"Soft-switching · 350 W · ZVRT";"Concluído";"MOSFET Si";"Conversor Ćuk";"Si";"Direto";"2";"L1=7,5µH | L2=10µH";"2";"C1=5µF | C2=4.75µF";"2";"Q1=IRFP4768PbF | Q2=IRFP4768PbF";"76";"58";"28,4 ";"46,8 ";"355,0 ";"315,4 ";"6,74 ";"88.845"
"TC-07";"Célula auxiliar · 350 W";"Concluído";"Si";"Conversor Ćuk";"Si";"Direto";"3";"L1=50µH | L2=75µH | L3=2µH";"1";"C1=µF";"4";"Q1=IRFP4768PbF | Q2=IRFP4768PbF | Q3=IRF3415 | Q4=IRF3415";"100";"52";"12,7 ";"16,9 ";"48,5 ";"38,9 ";"";"80.206"
"TB-01";"Hard-switching · 370 W";"Concluído";"MOSFET Si";"Conversor Buck";"Si";"Direto";"2";"L1=50µH | L2=70µH";"1";"C1=5µF";"2";"Q1=Si · IRFP4768PbF | Q2=Si · IRFP4768PbF";"100";"58";"34";"46";"";"";"";""
"TB-01";"Hard-switching · 370 W";"Concluído";"MOSFET Si";"Conversor Buck";"SiC";"Direto";"2";"L1=50µH | L2=70µH";"1";"C1=5µF";"2";"Q1=UJ3C065030K3S | Q2=UJ3C065030K3S";"100";"58";"36";"43.1";"347,2";"304,0";"9.61";"87.558"
"TB-05";"Multifásico · até 700 W";"Concluído";"SiC MOSFET";"Conversor CUK - Dissipativo - SIC";"SiC";"Direto";"2";"L1=50µH | L2=75µH";"2";"C1=5µF | C2=µF";"2";"Q1=Si | Q2=Si";"";"";"";"";"";"";"";""