"Categoria";"Componente";"Parametro";"Valor";"Unidade";"Condicao/Fonte"
"Medido";"UJ3C065030K3S";"Cg medio";"5.828";"nF";"TC1"
"Medido";"UJ3C065030K3S";"RDS leitura TC1 media";"0.383";"kOhm";"TC1; nao usar como RDS(on)"
"Datasheet";"UJ3C065030K3S";"VDS max";"650";"V";"onsemi"
"Datasheet";"UJ3C065030K3S";"ID @ Tc=25C";"85";"A";"onsemi"
"Datasheet";"UJ3C065030K3S";"RDS(on) typ";"27";"mOhm";"VGS=12V; ID=50A; Tj=25C"
"Datasheet";"UJ3C065030K3S";"Qg";"51";"nC";"VDS=400V; ID=50A"
"Datasheet";"UJ3C065030K3S";"Qgd";"11";"nC";"VDS=400V; ID=50A"
"Datasheet";"UJ3C065030K3S";"RthJC typ/max";"0.26 / 0.34";"C/W";"onsemi"
"Medido";"IRFP4768";"Vt medio";"4.410";"V";"TC1"
"Medido";"IRFP4768";"Cg medio";"14.150";"nF";"TC1"
"Medido";"IRFP4768";"RDS leitura TC1 media";"0.300";"Ohm";"TC1; nao usar como RDS(on)"
"Datasheet";"IRFP4768";"VDS max";"250";"V";"Infineon"
"Datasheet";"IRFP4768";"ID @ Tc=25C";"93";"A";"Infineon"
"Datasheet";"IRFP4768";"RDS(on) typ/max";"14.5 / 17.5";"mOhm";"VGS=10V; ID=56A"
"Datasheet";"IRFP4768";"Qg typ/max";"180 / 270";"nC";"ID=56A"
"Datasheet";"IRFP4768";"Qgd";"72";"nC";"Infineon"
"Datasheet";"IRFP4768";"RthJC max";"0.29";"C/W";"Infineon"
"Medido";"Indutores";"Rs medio @ 100 kHz";"0.08625";"Ohm";"Ponte RLC"