Antigo;Intermediario;Novo;SHA256
TC-01_Hard-switching_carga_reduzida_Si/Lixeira/Teste_Pratico/Direto/Si/Chave_Q2/Termica/TC-01_Si_Chave_Q2_Termica_01.jpg;TC-01_Hard-switching_carga_reduzida_Si/Lixeira/Teste_Pratico/Direto/Si/Chave_Q2/Termica/TC-01_Si_Chave_Q2_Termica_01.jpg;TC-01_Hard-switching_carga_reduzida_Si/Lixeira/Teste_Pratico/Direto/Si/Chave_Q2/Termica/TC-01_Si_Chave_Q2_Termica_Panoramica_01.jpg;2432f3c8f93b27e98404644568970c71715c7125ef89a10ce68248788650cb8a
TC-01_Hard-switching_carga_reduzida_Si/Lixeira/Teste_Pratico/Direto/SiC/Chave_Q1/Forma_de_onda/Tensao_VDS_V_Corrente_IDS_A/TC-01_SiC_Chave_Q1_Tensao_VDS_V_e_Corrente_IDS_A_01.png;TC-01_Hard-switching_carga_reduzida_Si/Lixeira/Teste_Pratico/Direto/SiC/Chave_Q1/Forma_de_onda/Tensao_VDS_V_Corrente_IDS_A/TC-01_SiC_Chave_Q1_Geral_VDS_IDS_01.png;TC-01_Hard-switching_carga_reduzida_Si/Lixeira/Teste_Pratico/Direto/SiC/Chave_Q1/Forma_de_onda/Tensao_VDS_V_Corrente_IDS_A/TC-01_SiC_Chave_Q1_Geral_VDS_IDS_01.png;9c75f0248e47768410bc02d5454aa0b8aac4e980d88e094bd1c98ca8f3de302a
TC-01_Hard-switching_carga_reduzida_Si/Teste_Pratico/Direto/Si/Evidencias/Chave_Q1/Termica/TC-01_Si_Chave_Q1_Termica_01.jpg;TC-01_Hard-switching_carga_reduzida_Si/Teste_Pratico/Direto/Si/Evidencias/Chave_Q1/Termica/TC-01_Si_Chave_Q1_Termica_01.jpg;TC-01_Hard-switching_carga_reduzida_Si/Teste_Pratico/Direto/Si/Evidencias/Chave_Q1/Termica/TC-01_Si_Chave_Q1_Termica_Panoramica_01.jpg;2432f3c8f93b27e98404644568970c71715c7125ef89a10ce68248788650cb8a
TC-01_Hard-switching_carga_reduzida_Si/Teste_Pratico/Direto/Si/Evidencias/Chave_Q2/Termica/TC-01_Si_Chave_Q2_Termica_01.jpg;TC-01_Hard-switching_carga_reduzida_Si/Teste_Pratico/Direto/Si/Evidencias/Chave_Q2/Termica/TC-01_Si_Chave_Q2_Termica_01.jpg;TC-01_Hard-switching_carga_reduzida_Si/Teste_Pratico/Direto/Si/Evidencias/Chave_Q2/Termica/TC-01_Si_Chave_Q2_Termica_Panoramica_01.jpg;b38139f347b1f3970d089753357bb816b0215eeaac4bec04bfa9c33b0f17faac
TC-01_Hard-switching_carga_reduzida_Si/Teste_Pratico/Direto/Si/Evidencias/Indutor_L1/Termica/TC-01_Si_Indutor_L1_Termica_01.jpg;TC-01_Hard-switching_carga_reduzida_Si/Teste_Pratico/Direto/Si/Evidencias/Indutor_L1/Termica/TC-01_Si_Indutor_L1_Termica_01.jpg;TC-01_Hard-switching_carga_reduzida_Si/Teste_Pratico/Direto/Si/Evidencias/Indutor_L1/Termica/TC-01_Si_Indutor_L1_Termica_Panoramica_01.jpg;0cc27c10b110116aeeb794369ac9db79574a7c939ef038b6c03d8dc22b9c2b49
TC-01_Hard-switching_carga_reduzida_Si/Teste_Pratico/Direto/Si/Evidencias/Indutor_L2/Termica/TC-01_Si_Indutor_L2_Termica_01.jpg;TC-01_Hard-switching_carga_reduzida_Si/Teste_Pratico/Direto/Si/Evidencias/Indutor_L2/Termica/TC-01_Si_Indutor_L2_Termica_01.jpg;TC-01_Hard-switching_carga_reduzida_Si/Teste_Pratico/Direto/Si/Evidencias/Indutor_L2/Termica/TC-01_Si_Indutor_L2_Termica_Panoramica_01.jpg;8c8167ae2ff84b0b43624905962455f4e4419787f530c1b8ca7c57c2b9ab7a0f
TC-01_Hard-switching_carga_reduzida_Si/Teste_Pratico/Direto/SiC/Evidencias/Chave_Q1/Forma_de_onda/Tensao_VDS_V_e_Corrente_IDS_A/TC-01_SiC_Chave_Q1_Tensao_VDS_V_e_Corrente_IDS_A_01.png;TC-01_Hard-switching_carga_reduzida_Si/Teste_Pratico/Direto/SiC/Evidencias/Chave_Q1/Forma_de_onda/Tensao_VDS_V_e_Corrente_IDS_A/TC-01_SiC_Chave_Q1_Geral_VDS_IDS_01.png;TC-01_Hard-switching_carga_reduzida_Si/Teste_Pratico/Direto/SiC/Evidencias/Chave_Q1/Forma_de_onda/Tensao_VDS_V_e_Corrente_IDS_A/TC-01_SiC_Chave_Q1_Geral_VDS_IDS_01.png;4f63e52ace525c92a58b670edbebbfd3bb909856c64ffcc21fbec9543e66dd9f
TC-01_Hard-switching_carga_reduzida_Si/Teste_Pratico/Direto/SiC/Evidencias/Chave_Q1/Forma_de_onda/Tensao_VDS_V_e_Tensao_VGS_V/TC-01_SiC_Chave_Q1_Tensao_VDS_V_e_Tensao_VGS_V_01.png;TC-01_Hard-switching_carga_reduzida_Si/Teste_Pratico/Direto/SiC/Evidencias/Chave_Q1/Forma_de_onda/Tensao_VDS_V_e_Tensao_VGS_V/TC-01_SiC_Chave_Q1_Geral_VDS_VGS_01.png;TC-01_Hard-switching_carga_reduzida_Si/Teste_Pratico/Direto/SiC/Evidencias/Chave_Q1/Forma_de_onda/Tensao_VDS_V_e_Tensao_VGS_V/TC-01_SiC_Chave_Q1_Geral_VDS_VGS_01.png;2191e8a181f88f229bcf8b120e96c6dc3df51d12d386fd8e5ee7becc8ed8ae03
TC-01_Hard-switching_carga_reduzida_Si/Teste_Pratico/Direto/SiC/Evidencias/Chave_Q1/Termica/TC-01_SiC_Chave_Q1_Termica_01.jpg;TC-01_Hard-switching_carga_reduzida_Si/Teste_Pratico/Direto/SiC/Evidencias/Chave_Q1/Termica/TC-01_SiC_Chave_Q1_Termica_01.jpg;TC-01_Hard-switching_carga_reduzida_Si/Teste_Pratico/Direto/SiC/Evidencias/Chave_Q1/Termica/TC-01_SiC_Chave_Q1_Termica_Panoramica_01.jpg;b069acded06d1f08839985b3111e9c0ca82e9d80349a9bb0294815315f3a3ecd
TC-01_Hard-switching_carga_reduzida_Si/Teste_Pratico/Direto/SiC/Evidencias/Chave_Q2/Forma_de_onda/Tensao_VDS_V_e_Tensao_VGS_V/TC-01_SiC_Chave_Q2_Tensao_VDS_V_e_Tensao_VGS_V_01.png;TC-01_Hard-switching_carga_reduzida_Si/Teste_Pratico/Direto/SiC/Evidencias/Chave_Q2/Forma_de_onda/Tensao_VDS_V_e_Tensao_VGS_V/TC-01_SiC_Chave_Q2_Geral_VDS_VGS_01.png;TC-01_Hard-switching_carga_reduzida_Si/Teste_Pratico/Direto/SiC/Evidencias/Chave_Q2/Forma_de_onda/Tensao_VDS_V_e_Tensao_VGS_V/TC-01_SiC_Chave_Q2_Geral_VDS_VGS_01.png;d6cdb7bd58eaa0fcd5197c9def408f9c3b4656c1774c4a3cf4c69de3848402a4
TC-01_Hard-switching_carga_reduzida_Si/Teste_Pratico/Direto/SiC/Evidencias/Chave_Q2/Forma_de_onda/Tensao_VDS_V_e_Tensao_VGS_V/TC-01_SiC_Chave_Q2_Tensao_VDS_V_e_Tensao_VGS_V_01_anotada.png;TC-01_Hard-switching_carga_reduzida_Si/Teste_Pratico/Direto/SiC/Evidencias/Chave_Q2/Forma_de_onda/Tensao_VDS_V_e_Tensao_VGS_V/TC-01_SiC_Chave_Q2_Geral_VDS_VGS_01_Anotada.png;TC-01_Hard-switching_carga_reduzida_Si/Teste_Pratico/Direto/SiC/Evidencias/Chave_Q2/Forma_de_onda/Tensao_VDS_V_e_Tensao_VGS_V/TC-01_SiC_Chave_Q2_Geral_VDS_VGS_01_Anotada.png;06a639d0221d0077818ce94b9ce87a60ca18a480aaf2eda0882add4faee0ccd6
TC-01_Hard-switching_carga_reduzida_Si/Teste_Pratico/Direto/SiC/Evidencias/Chave_Q2/Termica/TC-01_SiC_Chave_Q2_Termica_01.jpg;TC-01_Hard-switching_carga_reduzida_Si/Teste_Pratico/Direto/SiC/Evidencias/Chave_Q2/Termica/TC-01_SiC_Chave_Q2_Termica_01.jpg;TC-01_Hard-switching_carga_reduzida_Si/Teste_Pratico/Direto/SiC/Evidencias/Chave_Q2/Termica/TC-01_SiC_Chave_Q2_Termica_Panoramica_01.jpg;21fa4c48e3afda3702b8fe5b02d1dea37d0db8a65af38680a34a6047bc2239fb
TC-01_Hard-switching_carga_reduzida_Si/Teste_Pratico/Direto/SiC/Evidencias/Indutor_L1/Termica/TC-01_SiC_Indutor_L1_Termica_02.jpg;TC-01_Hard-switching_carga_reduzida_Si/Teste_Pratico/Direto/SiC/Evidencias/Indutor_L1/Termica/TC-01_SiC_Indutor_L1_Termica_02.jpg;TC-01_Hard-switching_carga_reduzida_Si/Teste_Pratico/Direto/SiC/Evidencias/Indutor_L1/Termica/TC-01_SiC_Indutor_L1_Termica_Panoramica_02.jpg;4cf7def95c8167704d9b255dc5fe98f0072b656cc2d6cdf930d2d776a41caa74
TC-01_Hard-switching_carga_reduzida_Si/Teste_Pratico/Direto/SiC/Evidencias/Indutor_L2/Termica/TC-01_SiC_Indutor_L2_Termica_02.jpg;TC-01_Hard-switching_carga_reduzida_Si/Teste_Pratico/Direto/SiC/Evidencias/Indutor_L2/Termica/TC-01_SiC_Indutor_L2_Termica_02.jpg;TC-01_Hard-switching_carga_reduzida_Si/Teste_Pratico/Direto/SiC/Evidencias/Indutor_L2/Termica/TC-01_SiC_Indutor_L2_Termica_Panoramica_02.jpg;95ebd47f15773200adbd98efe5bcaf75b514becfd1b4d11f247cd3d7f2c220df
TC-04_Hard-switching_300_W_SiC/Teste_Pratico/Direto/Si/Evidencias/Chave_Q1/Termica/TC-04_Si_Chave_Q1_Termica_02.jpg;TC-04_Hard-switching_300_W_SiC/Teste_Pratico/Direto/Si/Evidencias/Chave_Q1/Termica/TC-04_Si_Chave_Q1_Termica_02.jpg;TC-04_Hard-switching_300_W_SiC/Teste_Pratico/Direto/Si/Evidencias/Chave_Q1/Termica/TC-04_Si_Chave_Q1_Termica_Panoramica_02.jpg;d93fc28d9efaca8fdc2280480365aa38121b9ed8bee0f7f1dc4e7aab529ccb16
TC-04_Hard-switching_300_W_SiC/Teste_Pratico/Direto/Si/Evidencias/Chave_Q2/Forma_de_onda/Geral/TC-04_Si_Chave_Q2_Geral_02_anotada.png;TC-04_Hard-switching_300_W_SiC/Teste_Pratico/Direto/Si/Evidencias/Chave_Q2/Forma_de_onda/Geral/TC-04_Si_Chave_Q2_Geral_02_Anotada.png;TC-04_Hard-switching_300_W_SiC/Teste_Pratico/Direto/Si/Evidencias/Chave_Q2/Forma_de_onda/Geral/TC-04_Si_Chave_Q2_Geral_02_Anotada.png;6904dbe345c461f4bc6cdcdc9cb6794230385525b43a72e7a2c1030202bd6e3c
TC-04_Hard-switching_300_W_SiC/Teste_Pratico/Direto/Si/Evidencias/Chave_Q2/Termica/TC-04_Si_Chave_Q2_Termica_02.jpg;TC-04_Hard-switching_300_W_SiC/Teste_Pratico/Direto/Si/Evidencias/Chave_Q2/Termica/TC-04_Si_Chave_Q2_Termica_02.jpg;TC-04_Hard-switching_300_W_SiC/Teste_Pratico/Direto/Si/Evidencias/Chave_Q2/Termica/TC-04_Si_Chave_Q2_Termica_Panoramica_02.jpg;c5e4a7fd730657af0ace43f3ab6342bebcf20f54d5ab2b45c9ba85b07990ef27
TC-04_Hard-switching_300_W_SiC/Teste_Pratico/Direto/Si/Evidencias/Entrada/Forma_de_onda/Geral_VI/TC-04_Si_Entrada_Geral_VI_01_anotada.png;TC-04_Hard-switching_300_W_SiC/Teste_Pratico/Direto/Si/Evidencias/Entrada/Forma_de_onda/Geral_VI/TC-04_Si_Entrada_Geral_VI_01_Anotada.png;TC-04_Hard-switching_300_W_SiC/Teste_Pratico/Direto/Si/Evidencias/Entrada/Forma_de_onda/Geral_VI/TC-04_Si_Entrada_Geral_VI_01_Anotada.png;46de623bbfbf5427fb44d021001b0ec1f58629a8d76662fbb700b2a8a8ba81ce
TC-04_Hard-switching_300_W_SiC/Teste_Pratico/Direto/Si/Evidencias/Entrada/Forma_de_onda/Geral_VI/TC-04_Si_Entrada_Geral_VI_01_anotada_1.png;TC-04_Hard-switching_300_W_SiC/Teste_Pratico/Direto/Si/Evidencias/Entrada/Forma_de_onda/Geral_VI/TC-04_Si_Entrada_Geral_VI_01_Anotada_1.png;TC-04_Hard-switching_300_W_SiC/Teste_Pratico/Direto/Si/Evidencias/Entrada/Forma_de_onda/Geral_VI/TC-04_Si_Entrada_Geral_VI_01_Anotada_1.png;46de623bbfbf5427fb44d021001b0ec1f58629a8d76662fbb700b2a8a8ba81ce
TC-04_Hard-switching_300_W_SiC/Teste_Pratico/Direto/Si/Evidencias/Indutor_L1/Forma_de_onda/Tensao_V/TC-04_Si_Indutor_L1_Tensao_Spike_Negativo_V_02.png;TC-04_Hard-switching_300_W_SiC/Teste_Pratico/Direto/Si/Evidencias/Indutor_L1/Forma_de_onda/Tensao_V/TC-04_Si_Indutor_L1_Tensao_V_Spike_Negativo_02.png;TC-04_Hard-switching_300_W_SiC/Teste_Pratico/Direto/Si/Evidencias/Indutor_L1/Forma_de_onda/Tensao_V/TC-04_Si_Indutor_L1_Tensao_V_Spike_Negativo_02.png;62f9f8027652924ebe0cf383cf3337e592a6d34ed3162a7b90806a2fef475794
TC-04_Hard-switching_300_W_SiC/Teste_Pratico/Direto/Si/Evidencias/Indutor_L1/Forma_de_onda/Tensao_V/TC-04_Si_Indutor_L1_Tensao_Spike_Positivo_V_03.png;TC-04_Hard-switching_300_W_SiC/Teste_Pratico/Direto/Si/Evidencias/Indutor_L1/Forma_de_onda/Tensao_V/TC-04_Si_Indutor_L1_Tensao_V_Spike_Positivo_03.png;TC-04_Hard-switching_300_W_SiC/Teste_Pratico/Direto/Si/Evidencias/Indutor_L1/Forma_de_onda/Tensao_V/TC-04_Si_Indutor_L1_Tensao_V_Spike_Positivo_03.png;c920ec4b90551f8f21c5d275480a945740872194dd16027c3b3eeeb9a757df5f
TC-04_Hard-switching_300_W_SiC/Teste_Pratico/Direto/Si/Evidencias/Indutor_L1/Termica/TC-04_Si_Indutor_L1_Termica_02.jpg;TC-04_Hard-switching_300_W_SiC/Teste_Pratico/Direto/Si/Evidencias/Indutor_L1/Termica/TC-04_Si_Indutor_L1_Termica_02.jpg;TC-04_Hard-switching_300_W_SiC/Teste_Pratico/Direto/Si/Evidencias/Indutor_L1/Termica/TC-04_Si_Indutor_L1_Termica_Panoramica_02.jpg;061ae713d04861f975541fe23d3d77aa4dc86373077ff12370188ad12b9c8cbc
TC-04_Hard-switching_300_W_SiC/Teste_Pratico/Direto/Si/Evidencias/Indutor_L2/Forma_de_onda/Tensao_V/TC-04_Si_Indutor_L2_Tensao_Spike_Positivo_V_02.png;TC-04_Hard-switching_300_W_SiC/Teste_Pratico/Direto/Si/Evidencias/Indutor_L2/Forma_de_onda/Tensao_V/TC-04_Si_Indutor_L2_Tensao_V_Spike_Positivo_02.png;TC-04_Hard-switching_300_W_SiC/Teste_Pratico/Direto/Si/Evidencias/Indutor_L2/Forma_de_onda/Tensao_V/TC-04_Si_Indutor_L2_Tensao_V_Spike_Positivo_02.png;9a023e7acc621abbba1916349363a8d246dcaedcd271b5e8c0949f57d0d52c3c
TC-04_Hard-switching_300_W_SiC/Teste_Pratico/Direto/Si/Evidencias/Indutor_L2/Termica/TC-04_Si_Indutor_L2_Termica_02.jpg;TC-04_Hard-switching_300_W_SiC/Teste_Pratico/Direto/Si/Evidencias/Indutor_L2/Termica/TC-04_Si_Indutor_L2_Termica_02.jpg;TC-04_Hard-switching_300_W_SiC/Teste_Pratico/Direto/Si/Evidencias/Indutor_L2/Termica/TC-04_Si_Indutor_L2_Termica_Panoramica_02.jpg;706dc08010c3d2b1f65fcab8f4c97296bba4fa2a993cd121a45dbac0c009186e
TC-04_Hard-switching_300_W_SiC/Teste_Pratico/Direto/SiC/Evidencias/Chave_Q1/Forma_de_onda/Corrente_IDS_A/TC-04_SiC_Chave_Q1_Forma_de_onda_Corrente_IDS_A_01.png;TC-04_Hard-switching_300_W_SiC/Teste_Pratico/Direto/SiC/Evidencias/Chave_Q1/Forma_de_onda/Corrente_IDS_A/TC-04_SiC_Chave_Q1_Corrente_IDS_A_01.png;TC-04_Hard-switching_300_W_SiC/Teste_Pratico/Direto/SiC/Evidencias/Chave_Q1/Forma_de_onda/Corrente_IDS_A/TC-04_SiC_Chave_Q1_Corrente_IDS_A_01.png;6073ebc4742d483cc25b8361a6743a124d8ca8f540c51d899808193075fab50f
TC-04_Hard-switching_300_W_SiC/Teste_Pratico/Direto/SiC/Evidencias/Chave_Q1/Forma_de_onda/Tensao_VDS_V/TC-04_SiC_Chave_Q1_Forma_de_onda_Geral_01.png;TC-04_Hard-switching_300_W_SiC/Teste_Pratico/Direto/SiC/Evidencias/Chave_Q1/Forma_de_onda/Tensao_VDS_V/TC-04_SiC_Chave_Q1_Geral_01.png;TC-04_Hard-switching_300_W_SiC/Teste_Pratico/Direto/SiC/Evidencias/Chave_Q1/Forma_de_onda/Tensao_VDS_V/TC-04_SiC_Chave_Q1_Geral_01.png;70f616ca7abf6a1479389905382aa8dbd20d70aa4dbad9e112a65e9febb0e64d
TC-04_Hard-switching_300_W_SiC/Teste_Pratico/Direto/SiC/Evidencias/Chave_Q1/Forma_de_onda/Tensao_VDS_V/TC-04_SiC_Chave_Q1_Forma_de_onda_Tensao_e_Corrente_VDS_ID_V_A_01.png;TC-04_Hard-switching_300_W_SiC/Teste_Pratico/Direto/SiC/Evidencias/Chave_Q1/Forma_de_onda/Tensao_VDS_V/TC-04_SiC_Chave_Q1_Geral_VDS_VGS_01.png;TC-04_Hard-switching_300_W_SiC/Teste_Pratico/Direto/SiC/Evidencias/Chave_Q1/Forma_de_onda/Tensao_VDS_V/TC-04_SiC_Chave_Q1_Geral_VDS_VGS_01.png;bc936a9b16cc2c0d5db14f08d4fe436877b7857c3fad0064f5efc20dc317de01
TC-04_Hard-switching_300_W_SiC/Teste_Pratico/Direto/SiC/Evidencias/Chave_Q1/Forma_de_onda/Tensao_VDS_V/TC-04_SiC_Chave_Q1_Forma_de_onda_Tensao_VDS_V_01.png;TC-04_Hard-switching_300_W_SiC/Teste_Pratico/Direto/SiC/Evidencias/Chave_Q1/Forma_de_onda/Tensao_VDS_V/TC-04_SiC_Chave_Q1_Tensao_VDS_V_01.png;TC-04_Hard-switching_300_W_SiC/Teste_Pratico/Direto/SiC/Evidencias/Chave_Q1/Forma_de_onda/Tensao_VDS_V/TC-04_SiC_Chave_Q1_Tensao_VDS_V_01.png;38201ced94b5eb3f9719e628974f67e6b9097bbc59c99c52c8092796a31451ea
TC-04_Hard-switching_300_W_SiC/Teste_Pratico/Direto/SiC/Evidencias/Chave_Q1/Forma_de_onda/Tensao_VGS_V/TC-04_SiC_Chave_Q1_Forma_de_onda_Tensao_VGS_V_01.png;TC-04_Hard-switching_300_W_SiC/Teste_Pratico/Direto/SiC/Evidencias/Chave_Q1/Forma_de_onda/Tensao_VGS_V/TC-04_SiC_Chave_Q1_Tensao_VGS_V_01.png;TC-04_Hard-switching_300_W_SiC/Teste_Pratico/Direto/SiC/Evidencias/Chave_Q1/Forma_de_onda/Tensao_VGS_V/TC-04_SiC_Chave_Q1_Tensao_VGS_V_01.png;c16ef1b453b653cc1f28f8e71e153223a824cdf82be02566ef9fed59b7b226e5
TC-04_Hard-switching_300_W_SiC/Teste_Pratico/Direto/SiC/Evidencias/Chave_Q1/Termica/TC-04_SiC_Chave_Q1_Termica-Panoramica_01.jpg;TC-04_Hard-switching_300_W_SiC/Teste_Pratico/Direto/SiC/Evidencias/Chave_Q1/Termica/TC-04_SiC_Chave_Q1_Termica_Panoramica_01.jpg;TC-04_Hard-switching_300_W_SiC/Teste_Pratico/Direto/SiC/Evidencias/Chave_Q1/Termica/TC-04_SiC_Chave_Q1_Termica_Panoramica_01.jpg;c692c7753100a070ee71cd82754d8f857703d449a44e571c885faadedd8f9dfb
TC-04_Hard-switching_300_W_SiC/Teste_Pratico/Direto/SiC/Evidencias/Chave_Q1/Termica/TC-04_SiC_Chave_Q1_Termica_03-Resistores_Gate.jpg;TC-04_Hard-switching_300_W_SiC/Teste_Pratico/Direto/SiC/Evidencias/Chave_Q1/Termica/TC-04_SiC_Chave_Q1_Termica_03_Resistores_Gate.jpg;TC-04_Hard-switching_300_W_SiC/Teste_Pratico/Direto/SiC/Evidencias/Chave_Q1/Termica/TC-04_SiC_Chave_Q1_Termica_03_Resistores_Gate.jpg;e6d8d0d36580ad9bcd56f9880ffc3b108d56ce4f99b5717811f563b21b9e032f
TC-04_Hard-switching_300_W_SiC/Teste_Pratico/Direto/SiC/Evidencias/Chave_Q2/Forma_de_onda/Tensao_VDS_V/TC-04_SiC_Chave_Q2_Forma_de_onda_Tensao_VDS_e_VGS_V_01.png;TC-04_Hard-switching_300_W_SiC/Teste_Pratico/Direto/SiC/Evidencias/Chave_Q2/Forma_de_onda/Tensao_VDS_V/TC-04_SiC_Chave_Q2_Geral_VDS_VGS_01.png;TC-04_Hard-switching_300_W_SiC/Teste_Pratico/Direto/SiC/Evidencias/Chave_Q2/Forma_de_onda/Tensao_VDS_V/TC-04_SiC_Chave_Q2_Geral_VDS_VGS_01.png;c935f98982e4033a57eab87efe9356acbffc54452a1795be8b14f922e4b53786
TC-04_Hard-switching_300_W_SiC/Teste_Pratico/Direto/SiC/Evidencias/Chave_Q2/Forma_de_onda/Tensao_VDS_V/TC-04_SiC_Chave_Q2_Forma_de_onda_Tensao_VDS_V_02.png;TC-04_Hard-switching_300_W_SiC/Teste_Pratico/Direto/SiC/Evidencias/Chave_Q2/Forma_de_onda/Tensao_VDS_V/TC-04_SiC_Chave_Q2_Tensao_VDS_V_02.png;TC-04_Hard-switching_300_W_SiC/Teste_Pratico/Direto/SiC/Evidencias/Chave_Q2/Forma_de_onda/Tensao_VDS_V/TC-04_SiC_Chave_Q2_Tensao_VDS_V_02.png;f75b52d804c9c9dc21308bbdfe0990ef869b1ce6319c9f4d319a1f128a531bb1
TC-04_Hard-switching_300_W_SiC/Teste_Pratico/Direto/SiC/Evidencias/Chave_Q2/Forma_de_onda/Tensao_VGS_V/TC-04_SiC_Chave_Q2_Forma_de_onda_Tensao_VGS_V_01.png;TC-04_Hard-switching_300_W_SiC/Teste_Pratico/Direto/SiC/Evidencias/Chave_Q2/Forma_de_onda/Tensao_VGS_V/TC-04_SiC_Chave_Q2_Tensao_VGS_V_01.png;TC-04_Hard-switching_300_W_SiC/Teste_Pratico/Direto/SiC/Evidencias/Chave_Q2/Forma_de_onda/Tensao_VGS_V/TC-04_SiC_Chave_Q2_Tensao_VGS_V_01.png;6e4dd6672f7802efe71fee07729179b8236d4f1c0546950d1cbe88000abb0a80
TC-04_Hard-switching_300_W_SiC/Teste_Pratico/Direto/SiC/Evidencias/Indutor_L1/Forma_de_onda/I/TC-04_SiC_Indutor_L1_Forma_de_onda_Corrente_I_01.png;TC-04_Hard-switching_300_W_SiC/Teste_Pratico/Direto/SiC/Evidencias/Indutor_L1/Forma_de_onda/I/TC-04_SiC_Indutor_L1_Corrente_A_01.png;TC-04_Hard-switching_300_W_SiC/Teste_Pratico/Direto/SiC/Evidencias/Indutor_L1/Forma_de_onda/I/TC-04_SiC_Indutor_L1_Corrente_A_01.png;d56d1566b3dfbbe8270eeb0857ccc4e903f31ac6ea385f557b1354455271d84b
TC-04_Hard-switching_300_W_SiC/Teste_Pratico/Direto/SiC/Evidencias/Indutor_L1/Forma_de_onda/V/TC-04_SiC_Indutor_L1_Forma_de_onda_Tensao_e_Corrente_V_A01.png;TC-04_Hard-switching_300_W_SiC/Teste_Pratico/Direto/SiC/Evidencias/Indutor_L1/Forma_de_onda/V/TC-04_SiC_Indutor_L1_Geral_IV_01.png;TC-04_Hard-switching_300_W_SiC/Teste_Pratico/Direto/SiC/Evidencias/Indutor_L1/Forma_de_onda/V/TC-04_SiC_Indutor_L1_Geral_IV_01.png;6950c7c53291906ea31d145215127a1b226666571cab68999cd910028c9b7299
TC-04_Hard-switching_300_W_SiC/Teste_Pratico/Direto/SiC/Evidencias/Indutor_L1/Forma_de_onda/V/TC-04_SiC_Indutor_L1_Forma_de_onda_V_02.png;TC-04_Hard-switching_300_W_SiC/Teste_Pratico/Direto/SiC/Evidencias/Indutor_L1/Forma_de_onda/V/TC-04_SiC_Indutor_L1_Tensao_V_02.png;TC-04_Hard-switching_300_W_SiC/Teste_Pratico/Direto/SiC/Evidencias/Indutor_L1/Forma_de_onda/V/TC-04_SiC_Indutor_L1_Tensao_V_02.png;3d6d589d5f9ca2cf0a0dacda22e9c4ceae1978e0a741e9b65c0c38a1c9b33393
TC-04_Hard-switching_300_W_SiC/Teste_Pratico/Direto/SiC/Evidencias/Indutor_L1/Forma_de_onda/V/TC-04_SiC_Indutor_L1_Forma_de_onda_V_02_anotada.png;TC-04_Hard-switching_300_W_SiC/Teste_Pratico/Direto/SiC/Evidencias/Indutor_L1/Forma_de_onda/V/TC-04_SiC_Indutor_L1_Tensao_V_02_Anotada.png;TC-04_Hard-switching_300_W_SiC/Teste_Pratico/Direto/SiC/Evidencias/Indutor_L1/Forma_de_onda/V/TC-04_SiC_Indutor_L1_Tensao_V_02_Anotada.png;6da73208bc76695e7f1d64f409d5ffc69a634ef32c501d1c397022bf1bcded88
TC-04_Hard-switching_300_W_SiC/Teste_Pratico/Direto/SiC/Evidencias/Indutor_L1/Termica/TC-04_SiC_Indutor_L1_Termica_01.jpg;TC-04_Hard-switching_300_W_SiC/Teste_Pratico/Direto/SiC/Evidencias/Indutor_L1/Termica/TC-04_SiC_Indutor_L1_Termica_01.jpg;TC-04_Hard-switching_300_W_SiC/Teste_Pratico/Direto/SiC/Evidencias/Indutor_L1/Termica/TC-04_SiC_Indutor_L1_Termica_Panoramica_01.jpg;056004a1827e3ba6c7aa943bf1bab1838da869554b4bb318366c5008d157c525
TC-04_Hard-switching_300_W_SiC/Teste_Pratico/Direto/SiC/Evidencias/Indutor_L2/Termica/TC-04_SiC_Indutor_L2_Termica_01.jpg;TC-04_Hard-switching_300_W_SiC/Teste_Pratico/Direto/SiC/Evidencias/Indutor_L2/Termica/TC-04_SiC_Indutor_L2_Termica_01.jpg;TC-04_Hard-switching_300_W_SiC/Teste_Pratico/Direto/SiC/Evidencias/Indutor_L2/Termica/TC-04_SiC_Indutor_L2_Termica_Panoramica_01.jpg;9510b0c9059884f956012e773d02c504a20ad904d0d6e174b827338d4271faf9
TC-11_TC-03/Teste_Pratico/Direto/Si/Evidencias/Chave_Q1/Termica/TC-11_Si_Chave_Q1_Termica_01.jpg;TC-11_TC-03/Teste_Pratico/Direto/Si/Evidencias/Chave_Q1/Termica/TC-11_Si_Chave_Q1_Termica_01.jpg;TC-11_TC-03/Teste_Pratico/Direto/Si/Evidencias/Chave_Q1/Termica/TC-11_Si_Chave_Q1_Termica_Panoramica_01.jpg;5b1c48625e311e7d66605aa4548d28d1d24c3e7a62ce31d937a526d11593accf
TC-11_TC-03/Teste_Pratico/Direto/Si/Evidencias/Chave_Q2/Forma_de_onda/Geral/TC-11_Si_Chave_Q2_Geral_01_anotada.png;TC-11_TC-03/Teste_Pratico/Direto/Si/Evidencias/Chave_Q2/Forma_de_onda/Geral/TC-11_Si_Chave_Q2_Geral_01_Anotada.png;TC-11_TC-03/Teste_Pratico/Direto/Si/Evidencias/Chave_Q2/Forma_de_onda/Geral/TC-11_Si_Chave_Q2_Geral_01_Anotada.png;60a6448c18bfdde2bf16578ca5785d0e095401bccaae75411ed697a29591eb73
TC-11_TC-03/Teste_Pratico/Direto/Si/Evidencias/Chave_Q2/Termica/TC-11_Si_Chave_Q2_Termica_01.jpg;TC-11_TC-03/Teste_Pratico/Direto/Si/Evidencias/Chave_Q2/Termica/TC-11_Si_Chave_Q2_Termica_01.jpg;TC-11_TC-03/Teste_Pratico/Direto/Si/Evidencias/Chave_Q2/Termica/TC-11_Si_Chave_Q2_Termica_Panoramica_01.jpg;eded9c41d4cbc62cb1d6685f83968f9250442931ef0899e639ad636e00987f12
TC-11_TC-03/Teste_Pratico/Direto/Si/Evidencias/Entrada/Forma_de_onda/Geral_VI/TC-11_Si_Entrada_Geral_VI_01_anotada.png;TC-11_TC-03/Teste_Pratico/Direto/Si/Evidencias/Entrada/Forma_de_onda/Geral_VI/TC-11_Si_Entrada_Geral_VI_01_Anotada.png;TC-11_TC-03/Teste_Pratico/Direto/Si/Evidencias/Entrada/Forma_de_onda/Geral_VI/TC-11_Si_Entrada_Geral_VI_01_Anotada.png;87082b32ada3a6a45f5a8dbf172677457427ca0958540be97079c5f813236d16
TC-11_TC-03/Teste_Pratico/Direto/Si/Evidencias/Indutor_L1/Termica/TC-11_Si_Indutor_L1_Termica_01.jpg;TC-11_TC-03/Teste_Pratico/Direto/Si/Evidencias/Indutor_L1/Termica/TC-11_Si_Indutor_L1_Termica_01.jpg;TC-11_TC-03/Teste_Pratico/Direto/Si/Evidencias/Indutor_L1/Termica/TC-11_Si_Indutor_L1_Termica_Panoramica_01.jpg;85212a4f1591b2b86128dd622ba13ac99f774eec3d4c23697818e596a9eb6201
TC-11_TC-03/Teste_Pratico/Direto/Si/Evidencias/Indutor_L2/Termica/TC-11_Si_Indutor_L2_Termica_01.jpg;TC-11_TC-03/Teste_Pratico/Direto/Si/Evidencias/Indutor_L2/Termica/TC-11_Si_Indutor_L2_Termica_01.jpg;TC-11_TC-03/Teste_Pratico/Direto/Si/Evidencias/Indutor_L2/Termica/TC-11_Si_Indutor_L2_Termica_Panoramica_01.jpg;e5bfe410923bb3805d3bdd6afda34caf47e1c8f508a3c4d6db5b216104750f90
TC-11_TC-03/Teste_Pratico/Direto/SiC/Evidencias/Chave_Q1/Forma_de_onda/Geral/TC-11_SiC_Chave_Q1_Geral_02_anotada.png;TC-11_TC-03/Teste_Pratico/Direto/SiC/Evidencias/Chave_Q1/Forma_de_onda/Geral/TC-11_SiC_Chave_Q1_Geral_02_Anotada.png;TC-11_TC-03/Teste_Pratico/Direto/SiC/Evidencias/Chave_Q1/Forma_de_onda/Geral/TC-11_SiC_Chave_Q1_Geral_02_Anotada.png;3b86ec34baa88bcf1f1840a69bbea1404140c0c52c3f9baecaea6bad89dd2740
TC-11_TC-03/Teste_Pratico/Direto/SiC/Evidencias/Chave_Q1/Forma_de_onda/Geral/TC-11_SiC_Chave_Q1_Geral_02_anotada_1.png;TC-11_TC-03/Teste_Pratico/Direto/SiC/Evidencias/Chave_Q1/Forma_de_onda/Geral/TC-11_SiC_Chave_Q1_Geral_02_Anotada_1.png;TC-11_TC-03/Teste_Pratico/Direto/SiC/Evidencias/Chave_Q1/Forma_de_onda/Geral/TC-11_SiC_Chave_Q1_Geral_02_Anotada_1.png;3b86ec34baa88bcf1f1840a69bbea1404140c0c52c3f9baecaea6bad89dd2740
TC-11_TC-03/Teste_Pratico/Direto/SiC/Evidencias/Chave_Q1/Termica/TC-11_SiC_Chave_Q1_Termica_02.jpg;TC-11_TC-03/Teste_Pratico/Direto/SiC/Evidencias/Chave_Q1/Termica/TC-11_SiC_Chave_Q1_Termica_02.jpg;TC-11_TC-03/Teste_Pratico/Direto/SiC/Evidencias/Chave_Q1/Termica/TC-11_SiC_Chave_Q1_Termica_Panoramica_02.jpg;8da9f01dfe83ed062783cee48b6261d9011a45f8bf6906f7e15c6239b35fe6ec
TC-11_TC-03/Teste_Pratico/Direto/SiC/Evidencias/Chave_Q2/Forma_de_onda/Geral/TC-11_SiC_Chave_Q2_Geral_01_anotada.png;TC-11_TC-03/Teste_Pratico/Direto/SiC/Evidencias/Chave_Q2/Forma_de_onda/Geral/TC-11_SiC_Chave_Q2_Geral_01_Anotada.png;TC-11_TC-03/Teste_Pratico/Direto/SiC/Evidencias/Chave_Q2/Forma_de_onda/Geral/TC-11_SiC_Chave_Q2_Geral_01_Anotada.png;15268ca2971055f090377e9b8523fd5fb87f641d50653a18ddcfe0d38eb3bd48
TC-11_TC-03/Teste_Pratico/Direto/SiC/Evidencias/Chave_Q2/Termica/TC-11_SiC_Chave_Q2_Termica_01.jpg;TC-11_TC-03/Teste_Pratico/Direto/SiC/Evidencias/Chave_Q2/Termica/TC-11_SiC_Chave_Q2_Termica_01.jpg;TC-11_TC-03/Teste_Pratico/Direto/SiC/Evidencias/Chave_Q2/Termica/TC-11_SiC_Chave_Q2_Termica_Panoramica_01.jpg;ae5285001cc877ab92dae0388d4bb94f8648777ed4e5e9b88e5c12f3d723c2f6
TC-11_TC-03/Teste_Pratico/Direto/SiC/Evidencias/Indutor_L1/Termica/TC-11_SiC_Indutor_L1_Termica_02.jpg;TC-11_TC-03/Teste_Pratico/Direto/SiC/Evidencias/Indutor_L1/Termica/TC-11_SiC_Indutor_L1_Termica_02.jpg;TC-11_TC-03/Teste_Pratico/Direto/SiC/Evidencias/Indutor_L1/Termica/TC-11_SiC_Indutor_L1_Termica_Panoramica_02.jpg;859f6fa5880c367f411c36f8dbc6bf1f93ea9cb82f82f34fcfa2c99b98745975
TC-11_TC-03/Teste_Pratico/Direto/SiC/Evidencias/Indutor_L2/Termica/TC-11_SiC_Indutor_L2_Termica_01.jpg;TC-11_TC-03/Teste_Pratico/Direto/SiC/Evidencias/Indutor_L2/Termica/TC-11_SiC_Indutor_L2_Termica_01.jpg;TC-11_TC-03/Teste_Pratico/Direto/SiC/Evidencias/Indutor_L2/Termica/TC-11_SiC_Indutor_L2_Termica_Panoramica_01.jpg;f684007ecba53a38c6e43b312431d9a7e6cce79961f7f6c9115de5ab7c431555
