"Antigo";"Intermediario";"Novo";"SHA256"
"TC-01_Hard-switching_carga_reduzida_Si/Lixeira/Teste_Pratico/Direto/Si/Chave_Q2/Termica/TC-01_Si_Chave_Q2_Termica_01.jpg";"TC-01_Hard-switching_carga_reduzida_Si/Lixeira/Teste_Pratico/Direto/Si/Chave_Q2/Termica/TC-01_Si_Chave_Q2_Termica_01.jpg";"TC-01_Hard-switching_carga_reduzida_Si/Lixeira/Teste_Pratico/Direto/Si/Chave_Q2/Termica/TC-01_Si_Chave_Q2_Termica_Panoramica_01.jpg";"2432f3c8f93b27e98404644568970c71715c7125ef89a10ce68248788650cb8a"
"TC-01_Hard-switching_carga_reduzida_Si/Teste_Pratico/Direto/Si/Evidencias/Chave_Q1/Termica/TC-01_Si_Chave_Q1_Termica_01.jpg";"TC-01_Hard-switching_carga_reduzida_Si/Teste_Pratico/Direto/Si/Evidencias/Chave_Q1/Termica/TC-01_Si_Chave_Q1_Termica_01.jpg";"TC-01_Hard-switching_carga_reduzida_Si/Teste_Pratico/Direto/Si/Evidencias/Chave_Q1/Termica/TC-01_Si_Chave_Q1_Termica_Panoramica_01.jpg";"2432f3c8f93b27e98404644568970c71715c7125ef89a10ce68248788650cb8a"
"TC-01_Hard-switching_carga_reduzida_Si/Teste_Pratico/Direto/Si/Evidencias/Chave_Q2/Termica/TC-01_Si_Chave_Q2_Termica_01.jpg";"TC-01_Hard-switching_carga_reduzida_Si/Teste_Pratico/Direto/Si/Evidencias/Chave_Q2/Termica/TC-01_Si_Chave_Q2_Termica_01.jpg";"TC-01_Hard-switching_carga_reduzida_Si/Teste_Pratico/Direto/Si/Evidencias/Chave_Q2/Termica/TC-01_Si_Chave_Q2_Termica_Panoramica_01.jpg";"b38139f347b1f3970d089753357bb816b0215eeaac4bec04bfa9c33b0f17faac"
"TC-01_Hard-switching_carga_reduzida_Si/Teste_Pratico/Direto/Si/Evidencias/Indutor_L1/Termica/TC-01_Si_Indutor_L1_Termica_01.jpg";"TC-01_Hard-switching_carga_reduzida_Si/Teste_Pratico/Direto/Si/Evidencias/Indutor_L1/Termica/TC-01_Si_Indutor_L1_Termica_01.jpg";"TC-01_Hard-switching_carga_reduzida_Si/Teste_Pratico/Direto/Si/Evidencias/Indutor_L1/Termica/TC-01_Si_Indutor_L1_Termica_Panoramica_01.jpg";"0cc27c10b110116aeeb794369ac9db79574a7c939ef038b6c03d8dc22b9c2b49"
"TC-01_Hard-switching_carga_reduzida_Si/Teste_Pratico/Direto/Si/Evidencias/Indutor_L2/Termica/TC-01_Si_Indutor_L2_Termica_01.jpg";"TC-01_Hard-switching_carga_reduzida_Si/Teste_Pratico/Direto/Si/Evidencias/Indutor_L2/Termica/TC-01_Si_Indutor_L2_Termica_01.jpg";"TC-01_Hard-switching_carga_reduzida_Si/Teste_Pratico/Direto/Si/Evidencias/Indutor_L2/Termica/TC-01_Si_Indutor_L2_Termica_Panoramica_01.jpg";"8c8167ae2ff84b0b43624905962455f4e4419787f530c1b8ca7c57c2b9ab7a0f"
"TC-01_Hard-switching_carga_reduzida_Si/Teste_Pratico/Direto/SiC/Evidencias/Chave_Q1/Termica/TC-01_SiC_Chave_Q1_Termica_01.jpg";"TC-01_Hard-switching_carga_reduzida_Si/Teste_Pratico/Direto/SiC/Evidencias/Chave_Q1/Termica/TC-01_SiC_Chave_Q1_Termica_01.jpg";"TC-01_Hard-switching_carga_reduzida_Si/Teste_Pratico/Direto/SiC/Evidencias/Chave_Q1/Termica/TC-01_SiC_Chave_Q1_Termica_Panoramica_01.jpg";"b069acded06d1f08839985b3111e9c0ca82e9d80349a9bb0294815315f3a3ecd"
"TC-01_Hard-switching_carga_reduzida_Si/Teste_Pratico/Direto/SiC/Evidencias/Chave_Q2/Termica/TC-01_SiC_Chave_Q2_Termica_01.jpg";"TC-01_Hard-switching_carga_reduzida_Si/Teste_Pratico/Direto/SiC/Evidencias/Chave_Q2/Termica/TC-01_SiC_Chave_Q2_Termica_01.jpg";"TC-01_Hard-switching_carga_reduzida_Si/Teste_Pratico/Direto/SiC/Evidencias/Chave_Q2/Termica/TC-01_SiC_Chave_Q2_Termica_Panoramica_01.jpg";"21fa4c48e3afda3702b8fe5b02d1dea37d0db8a65af38680a34a6047bc2239fb"
"TC-01_Hard-switching_carga_reduzida_Si/Teste_Pratico/Direto/SiC/Evidencias/Indutor_L1/Termica/TC-01_SiC_Indutor_L1_Termica_02.jpg";"TC-01_Hard-switching_carga_reduzida_Si/Teste_Pratico/Direto/SiC/Evidencias/Indutor_L1/Termica/TC-01_SiC_Indutor_L1_Termica_02.jpg";"TC-01_Hard-switching_carga_reduzida_Si/Teste_Pratico/Direto/SiC/Evidencias/Indutor_L1/Termica/TC-01_SiC_Indutor_L1_Termica_Panoramica_02.jpg";"4cf7def95c8167704d9b255dc5fe98f0072b656cc2d6cdf930d2d776a41caa74"
"TC-01_Hard-switching_carga_reduzida_Si/Teste_Pratico/Direto/SiC/Evidencias/Indutor_L2/Termica/TC-01_SiC_Indutor_L2_Termica_02.jpg";"TC-01_Hard-switching_carga_reduzida_Si/Teste_Pratico/Direto/SiC/Evidencias/Indutor_L2/Termica/TC-01_SiC_Indutor_L2_Termica_02.jpg";"TC-01_Hard-switching_carga_reduzida_Si/Teste_Pratico/Direto/SiC/Evidencias/Indutor_L2/Termica/TC-01_SiC_Indutor_L2_Termica_Panoramica_02.jpg";"95ebd47f15773200adbd98efe5bcaf75b514becfd1b4d11f247cd3d7f2c220df"
"TC-04_Hard-switching_300_W_SiC/Teste_Pratico/Direto/Si/Evidencias/Chave_Q1/Termica/TC-04_Si_Chave_Q1_Termica_02.jpg";"TC-04_Hard-switching_300_W_SiC/Teste_Pratico/Direto/Si/Evidencias/Chave_Q1/Termica/TC-04_Si_Chave_Q1_Termica_02.jpg";"TC-04_Hard-switching_300_W_SiC/Teste_Pratico/Direto/Si/Evidencias/Chave_Q1/Termica/TC-04_Si_Chave_Q1_Termica_Panoramica_02.jpg";"d93fc28d9efaca8fdc2280480365aa38121b9ed8bee0f7f1dc4e7aab529ccb16"
"TC-04_Hard-switching_300_W_SiC/Teste_Pratico/Direto/Si/Evidencias/Chave_Q2/Forma_de_onda/Geral/TC-04_Si_Chave_Q2_Geral_02_anotada.png";"TC-04_Hard-switching_300_W_SiC/Teste_Pratico/Direto/Si/Evidencias/Chave_Q2/Forma_de_onda/Geral/TC-04_Si_Chave_Q2_Geral_02_Anotada.png";"TC-04_Hard-switching_300_W_SiC/Teste_Pratico/Direto/Si/Evidencias/Chave_Q2/Forma_de_onda/Geral/TC-04_Si_Chave_Q2_Geral_02_Anotada.png";"6904dbe345c461f4bc6cdcdc9cb6794230385525b43a72e7a2c1030202bd6e3c"
"TC-04_Hard-switching_300_W_SiC/Teste_Pratico/Direto/Si/Evidencias/Chave_Q2/Termica/TC-04_Si_Chave_Q2_Termica_02.jpg";"TC-04_Hard-switching_300_W_SiC/Teste_Pratico/Direto/Si/Evidencias/Chave_Q2/Termica/TC-04_Si_Chave_Q2_Termica_02.jpg";"TC-04_Hard-switching_300_W_SiC/Teste_Pratico/Direto/Si/Evidencias/Chave_Q2/Termica/TC-04_Si_Chave_Q2_Termica_Panoramica_02.jpg";"c5e4a7fd730657af0ace43f3ab6342bebcf20f54d5ab2b45c9ba85b07990ef27"
"TC-04_Hard-switching_300_W_SiC/Teste_Pratico/Direto/Si/Evidencias/Entrada/Forma_de_onda/Geral_VI/TC-04_Si_Entrada_Geral_VI_01_anotada.png";"TC-04_Hard-switching_300_W_SiC/Teste_Pratico/Direto/Si/Evidencias/Entrada/Forma_de_onda/Geral_VI/TC-04_Si_Entrada_Geral_VI_01_Anotada.png";"TC-04_Hard-switching_300_W_SiC/Teste_Pratico/Direto/Si/Evidencias/Entrada/Forma_de_onda/Geral_VI/TC-04_Si_Entrada_Geral_VI_01_Anotada.png";"46de623bbfbf5427fb44d021001b0ec1f58629a8d76662fbb700b2a8a8ba81ce"
"TC-04_Hard-switching_300_W_SiC/Teste_Pratico/Direto/Si/Evidencias/Entrada/Forma_de_onda/Geral_VI/TC-04_Si_Entrada_Geral_VI_01_anotada_1.png";"TC-04_Hard-switching_300_W_SiC/Teste_Pratico/Direto/Si/Evidencias/Entrada/Forma_de_onda/Geral_VI/TC-04_Si_Entrada_Geral_VI_01_Anotada_1.png";"TC-04_Hard-switching_300_W_SiC/Teste_Pratico/Direto/Si/Evidencias/Entrada/Forma_de_onda/Geral_VI/TC-04_Si_Entrada_Geral_VI_01_Anotada_1.png";"46de623bbfbf5427fb44d021001b0ec1f58629a8d76662fbb700b2a8a8ba81ce"
"TC-04_Hard-switching_300_W_SiC/Teste_Pratico/Direto/Si/Evidencias/Indutor_L1/Termica/TC-04_Si_Indutor_L1_Termica_02.jpg";"TC-04_Hard-switching_300_W_SiC/Teste_Pratico/Direto/Si/Evidencias/Indutor_L1/Termica/TC-04_Si_Indutor_L1_Termica_02.jpg";"TC-04_Hard-switching_300_W_SiC/Teste_Pratico/Direto/Si/Evidencias/Indutor_L1/Termica/TC-04_Si_Indutor_L1_Termica_Panoramica_02.jpg";"061ae713d04861f975541fe23d3d77aa4dc86373077ff12370188ad12b9c8cbc"
"TC-04_Hard-switching_300_W_SiC/Teste_Pratico/Direto/Si/Evidencias/Indutor_L2/Termica/TC-04_Si_Indutor_L2_Termica_02.jpg";"TC-04_Hard-switching_300_W_SiC/Teste_Pratico/Direto/Si/Evidencias/Indutor_L2/Termica/TC-04_Si_Indutor_L2_Termica_02.jpg";"TC-04_Hard-switching_300_W_SiC/Teste_Pratico/Direto/Si/Evidencias/Indutor_L2/Termica/TC-04_Si_Indutor_L2_Termica_Panoramica_02.jpg";"706dc08010c3d2b1f65fcab8f4c97296bba4fa2a993cd121a45dbac0c009186e"
"TC-04_Hard-switching_300_W_SiC/Teste_Pratico/Direto/SiC/Evidencias/Indutor_L1/Termica/TC-04_SiC_Indutor_L1_Termica_01.jpg";"TC-04_Hard-switching_300_W_SiC/Teste_Pratico/Direto/SiC/Evidencias/Indutor_L1/Termica/TC-04_SiC_Indutor_L1_Termica_01.jpg";"TC-04_Hard-switching_300_W_SiC/Teste_Pratico/Direto/SiC/Evidencias/Indutor_L1/Termica/TC-04_SiC_Indutor_L1_Termica_Panoramica_01.jpg";"056004a1827e3ba6c7aa943bf1bab1838da869554b4bb318366c5008d157c525"
"TC-04_Hard-switching_300_W_SiC/Teste_Pratico/Direto/SiC/Evidencias/Indutor_L2/Termica/TC-04_SiC_Indutor_L2_Termica_01.jpg";"TC-04_Hard-switching_300_W_SiC/Teste_Pratico/Direto/SiC/Evidencias/Indutor_L2/Termica/TC-04_SiC_Indutor_L2_Termica_01.jpg";"TC-04_Hard-switching_300_W_SiC/Teste_Pratico/Direto/SiC/Evidencias/Indutor_L2/Termica/TC-04_SiC_Indutor_L2_Termica_Panoramica_01.jpg";"9510b0c9059884f956012e773d02c504a20ad904d0d6e174b827338d4271faf9"
"TC-11_TC-03/Teste_Pratico/Direto/Si/Evidencias/Chave_Q1/Termica/TC-11_Si_Chave_Q1_Termica_01.jpg";"TC-11_TC-03/Teste_Pratico/Direto/Si/Evidencias/Chave_Q1/Termica/TC-11_Si_Chave_Q1_Termica_01.jpg";"TC-11_TC-03/Teste_Pratico/Direto/Si/Evidencias/Chave_Q1/Termica/TC-11_Si_Chave_Q1_Termica_Panoramica_01.jpg";"5b1c48625e311e7d66605aa4548d28d1d24c3e7a62ce31d937a526d11593accf"
"TC-11_TC-03/Teste_Pratico/Direto/Si/Evidencias/Chave_Q2/Forma_de_onda/Geral/TC-11_Si_Chave_Q2_Geral_01_anotada.png";"TC-11_TC-03/Teste_Pratico/Direto/Si/Evidencias/Chave_Q2/Forma_de_onda/Geral/TC-11_Si_Chave_Q2_Geral_01_Anotada.png";"TC-11_TC-03/Teste_Pratico/Direto/Si/Evidencias/Chave_Q2/Forma_de_onda/Geral/TC-11_Si_Chave_Q2_Geral_01_Anotada.png";"60a6448c18bfdde2bf16578ca5785d0e095401bccaae75411ed697a29591eb73"
"TC-11_TC-03/Teste_Pratico/Direto/Si/Evidencias/Chave_Q2/Termica/TC-11_Si_Chave_Q2_Termica_01.jpg";"TC-11_TC-03/Teste_Pratico/Direto/Si/Evidencias/Chave_Q2/Termica/TC-11_Si_Chave_Q2_Termica_01.jpg";"TC-11_TC-03/Teste_Pratico/Direto/Si/Evidencias/Chave_Q2/Termica/TC-11_Si_Chave_Q2_Termica_Panoramica_01.jpg";"eded9c41d4cbc62cb1d6685f83968f9250442931ef0899e639ad636e00987f12"
"TC-11_TC-03/Teste_Pratico/Direto/Si/Evidencias/Entrada/Forma_de_onda/Geral_VI/TC-11_Si_Entrada_Geral_VI_01_anotada.png";"TC-11_TC-03/Teste_Pratico/Direto/Si/Evidencias/Entrada/Forma_de_onda/Geral_VI/TC-11_Si_Entrada_Geral_VI_01_Anotada.png";"TC-11_TC-03/Teste_Pratico/Direto/Si/Evidencias/Entrada/Forma_de_onda/Geral_VI/TC-11_Si_Entrada_Geral_VI_01_Anotada.png";"87082b32ada3a6a45f5a8dbf172677457427ca0958540be97079c5f813236d16"
"TC-11_TC-03/Teste_Pratico/Direto/Si/Evidencias/Indutor_L1/Termica/TC-11_Si_Indutor_L1_Termica_01.jpg";"TC-11_TC-03/Teste_Pratico/Direto/Si/Evidencias/Indutor_L1/Termica/TC-11_Si_Indutor_L1_Termica_01.jpg";"TC-11_TC-03/Teste_Pratico/Direto/Si/Evidencias/Indutor_L1/Termica/TC-11_Si_Indutor_L1_Termica_Panoramica_01.jpg";"85212a4f1591b2b86128dd622ba13ac99f774eec3d4c23697818e596a9eb6201"
"TC-11_TC-03/Teste_Pratico/Direto/Si/Evidencias/Indutor_L2/Termica/TC-11_Si_Indutor_L2_Termica_01.jpg";"TC-11_TC-03/Teste_Pratico/Direto/Si/Evidencias/Indutor_L2/Termica/TC-11_Si_Indutor_L2_Termica_01.jpg";"TC-11_TC-03/Teste_Pratico/Direto/Si/Evidencias/Indutor_L2/Termica/TC-11_Si_Indutor_L2_Termica_Panoramica_01.jpg";"e5bfe410923bb3805d3bdd6afda34caf47e1c8f508a3c4d6db5b216104750f90"
"TC-11_TC-03/Teste_Pratico/Direto/SiC/Evidencias/Chave_Q1/Forma_de_onda/Geral/TC-11_SiC_Chave_Q1_Geral_02_anotada.png";"TC-11_TC-03/Teste_Pratico/Direto/SiC/Evidencias/Chave_Q1/Forma_de_onda/Geral/TC-11_SiC_Chave_Q1_Geral_02_Anotada.png";"TC-11_TC-03/Teste_Pratico/Direto/SiC/Evidencias/Chave_Q1/Forma_de_onda/Geral/TC-11_SiC_Chave_Q1_Geral_02_Anotada.png";"3b86ec34baa88bcf1f1840a69bbea1404140c0c52c3f9baecaea6bad89dd2740"
"TC-11_TC-03/Teste_Pratico/Direto/SiC/Evidencias/Chave_Q1/Forma_de_onda/Geral/TC-11_SiC_Chave_Q1_Geral_02_anotada_1.png";"TC-11_TC-03/Teste_Pratico/Direto/SiC/Evidencias/Chave_Q1/Forma_de_onda/Geral/TC-11_SiC_Chave_Q1_Geral_02_Anotada_1.png";"TC-11_TC-03/Teste_Pratico/Direto/SiC/Evidencias/Chave_Q1/Forma_de_onda/Geral/TC-11_SiC_Chave_Q1_Geral_02_Anotada_1.png";"3b86ec34baa88bcf1f1840a69bbea1404140c0c52c3f9baecaea6bad89dd2740"
"TC-11_TC-03/Teste_Pratico/Direto/SiC/Evidencias/Chave_Q1/Termica/TC-11_SiC_Chave_Q1_Termica_02.jpg";"TC-11_TC-03/Teste_Pratico/Direto/SiC/Evidencias/Chave_Q1/Termica/TC-11_SiC_Chave_Q1_Termica_02.jpg";"TC-11_TC-03/Teste_Pratico/Direto/SiC/Evidencias/Chave_Q1/Termica/TC-11_SiC_Chave_Q1_Termica_Panoramica_02.jpg";"8da9f01dfe83ed062783cee48b6261d9011a45f8bf6906f7e15c6239b35fe6ec"
"TC-11_TC-03/Teste_Pratico/Direto/SiC/Evidencias/Chave_Q2/Forma_de_onda/Geral/TC-11_SiC_Chave_Q2_Geral_01_anotada.png";"TC-11_TC-03/Teste_Pratico/Direto/SiC/Evidencias/Chave_Q2/Forma_de_onda/Geral/TC-11_SiC_Chave_Q2_Geral_01_Anotada.png";"TC-11_TC-03/Teste_Pratico/Direto/SiC/Evidencias/Chave_Q2/Forma_de_onda/Geral/TC-11_SiC_Chave_Q2_Geral_01_Anotada.png";"15268ca2971055f090377e9b8523fd5fb87f641d50653a18ddcfe0d38eb3bd48"
"TC-11_TC-03/Teste_Pratico/Direto/SiC/Evidencias/Chave_Q2/Termica/TC-11_SiC_Chave_Q2_Termica_01.jpg";"TC-11_TC-03/Teste_Pratico/Direto/SiC/Evidencias/Chave_Q2/Termica/TC-11_SiC_Chave_Q2_Termica_01.jpg";"TC-11_TC-03/Teste_Pratico/Direto/SiC/Evidencias/Chave_Q2/Termica/TC-11_SiC_Chave_Q2_Termica_Panoramica_01.jpg";"ae5285001cc877ab92dae0388d4bb94f8648777ed4e5e9b88e5c12f3d723c2f6"
"TC-11_TC-03/Teste_Pratico/Direto/SiC/Evidencias/Indutor_L1/Termica/TC-11_SiC_Indutor_L1_Termica_02.jpg";"TC-11_TC-03/Teste_Pratico/Direto/SiC/Evidencias/Indutor_L1/Termica/TC-11_SiC_Indutor_L1_Termica_02.jpg";"TC-11_TC-03/Teste_Pratico/Direto/SiC/Evidencias/Indutor_L1/Termica/TC-11_SiC_Indutor_L1_Termica_Panoramica_02.jpg";"859f6fa5880c367f411c36f8dbc6bf1f93ea9cb82f82f34fcfa2c99b98745975"
"TC-11_TC-03/Teste_Pratico/Direto/SiC/Evidencias/Indutor_L2/Termica/TC-11_SiC_Indutor_L2_Termica_01.jpg";"TC-11_TC-03/Teste_Pratico/Direto/SiC/Evidencias/Indutor_L2/Termica/TC-11_SiC_Indutor_L2_Termica_01.jpg";"TC-11_TC-03/Teste_Pratico/Direto/SiC/Evidencias/Indutor_L2/Termica/TC-11_SiC_Indutor_L2_Termica_Panoramica_01.jpg";"f684007ecba53a38c6e43b312431d9a7e6cce79961f7f6c9115de5ab7c431555"
